<?xml version="1.0" encoding="UTF-8"?>
<project-private xmlns="http://www.netbeans.org/ns/project-private/1">
    <editor-bookmarks xmlns="http://www.netbeans.org/ns/editor-bookmarks/2" lastBookmarkId="0"/>
    <open-files xmlns="http://www.netbeans.org/ns/projectui-open-files/2">
        <group>
            <file>file:/C:/Users/Jussi/Documents/NetBeansProjects/StarOfTurku/src/starofturku/Pelaaja.java</file>
            <file>file:/C:/Users/Jussi/Documents/NetBeansProjects/StarOfTurku/src/starofturku/StarOfTurku.java</file>
            <file>file:/C:/Users/Jussi/Documents/NetBeansProjects/StarOfTurku/src/starofturku/Solmu.java</file>
            <file>file:/C:/Users/Jussi/Documents/NetBeansProjects/StarOfTurku/src/starofturku/Noppa.java</file>
            <file>file:/C:/Users/Jussi/Documents/NetBeansProjects/StarOfTurku/src/starofturku/Tokeni.java</file>
        </group>
    </open-files>
</project-private>
